title_element,company_element,location_element,date_time
Senior Python Developer,"Payne, Roberts and Davis","Stewartbury, AA",08-04-2021
Energy engineer,Vasquez-Davidson,"Christopherville, AA",08-04-2021
Legal executive,"Jackson, Chambers and Levy","Port Ericaburgh, AA",08-04-2021
Fitness centre manager,Savage-Bradley,"East Seanview, AP",08-04-2021
Product manager,Ramirez Inc,"North Jamieview, AP",08-04-2021
Medical technical officer,Rogers-Yates,"Davidville, AP",08-04-2021
Physiological scientist,Kramer-Klein,"South Christopher, AE",08-04-2021
Textile designer,Meyers-Johnson,"Port Jonathan, AE",08-04-2021
Television floor manager,Hughes-Williams,"Osbornetown, AE",08-04-2021
Waste management officer,"Jones, Williams and Villa","Scotttown, AP",08-04-2021
Software Engineer (Python),Garcia PLC,"Ericberg, AE",08-04-2021
Interpreter,Gregory and Sons,"Ramireztown, AE",08-04-2021
Architect,"Clark, Garcia and Sosa","Figueroaview, AA",08-04-2021
Meteorologist,Bush PLC,"Kelseystad, AA",08-04-2021
Audiological scientist,Salazar-Meyers,"Williamsburgh, AE",08-04-2021
English as a second language teacher,"Parker, Murphy and Brooks","Mitchellburgh, AE",08-04-2021
Surgeon,Cruz-Brown,"West Jessicabury, AA",08-04-2021
Equities trader,Macdonald-Ferguson,"Maloneshire, AE",08-04-2021
Newspaper journalist,"Williams, Peterson and Rojas","Johnsonton, AA",08-04-2021
Materials engineer,Smith and Sons,"South Davidtown, AP",08-04-2021
Python Programmer (Entry-Level),"Moss, Duncan and Allen","Port Sara, AE",08-04-2021
Product/process development scientist,Gomez-Carroll,"Marktown, AA",08-04-2021
"Scientist, research (maths)","Manning, Welch and Herring","Laurenland, AE",08-04-2021
Ecologist,"Lee, Gutierrez and Brown","Lauraton, AP",08-04-2021
Materials engineer,"Davis, Serrano and Cook","South Tammyberg, AP",08-04-2021
Historic buildings inspector/conservation officer,Smith LLC,"North Brandonville, AP",08-04-2021
Data scientist,Thomas Group,"Port Robertfurt, AA",08-04-2021
Psychiatrist,Silva-King,"Burnettbury, AE",08-04-2021
Structural engineer,Pierce-Long,"Herbertside, AA",08-04-2021
Immigration officer,Walker-Simpson,"Christopherport, AP",08-04-2021
Python Programmer (Entry-Level),Cooper and Sons,"West Victor, AE",08-04-2021
Neurosurgeon,"Donovan, Gonzalez and Figueroa","Port Aaron, AP",08-04-2021
Broadcast engineer,"Morgan, Butler and Bennett","Loribury, AA",08-04-2021
Make,Snyder-Lee,"Angelastad, AP",08-04-2021
"Nurse, adult",Harris PLC,"Larrytown, AE",08-04-2021
Air broker,Washington PLC,"West Colin, AP",08-04-2021
"Editor, film/video","Brown, Price and Campbell","West Stephanie, AP",08-04-2021
"Production assistant, radio",Mcgee PLC,"Laurentown, AP",08-04-2021
"Engineer, communications",Dixon Inc,"Wrightberg, AP",08-04-2021
Sales executive,"Thompson, Sheppard and Ward","Alberttown, AE",08-04-2021
Software Developer (Python),Adams-Brewer,"Brockburgh, AE",08-04-2021
Futures trader,Schneider-Brady,"North Jason, AE",08-04-2021
Tour manager,Gonzales-Frank,"Arnoldhaven, AE",08-04-2021
Cytogeneticist,Smith-Wong,"Lake Destiny, AP",08-04-2021
"Designer, multimedia",Pierce-Herrera,"South Timothyburgh, AP",08-04-2021
Trade union research officer,"Aguilar, Rivera and Quinn","New Jimmyton, AE",08-04-2021
"Chemist, analytical","Lowe, Barnes and Thomas","New Lucasbury, AP",08-04-2021
"Programmer, multimedia","Lewis, Gonzalez and Vasquez","Port Cory, AE",08-04-2021
"Engineer, broadcasting (operations)",Taylor PLC,"Gileston, AA",08-04-2021
"Teacher, primary school","Oliver, Jones and Ramirez","Cindyshire, AA",08-04-2021
Python Developer,Rivera and Sons,"East Michaelfort, AA",08-04-2021
Manufacturing systems engineer,Garcia PLC,"Joybury, AE",08-04-2021
"Producer, television/film/video","Johnson, Wells and Kramer","Emmatown, AE",08-04-2021
"Scientist, forensic",Gonzalez LLC,"Colehaven, AP",08-04-2021
Bonds trader,"Morgan, White and Macdonald","Port Coryton, AE",08-04-2021
Editorial assistant,Robinson-Fitzpatrick,"Amyborough, AA",08-04-2021
Photographer,"Waters, Wilson and Hoover","Reynoldsville, AA",08-04-2021
Retail banker,Hill LLC,"Port Billy, AP",08-04-2021
Jewellery designer,Li-Gregory,"Adamburgh, AA",08-04-2021
Ophthalmologist,"Fisher, Ryan and Coleman","Wilsonmouth, AA",08-04-2021
"Back-End Web Developer (Python, Django)",Stewart-Alexander,"South Kimberly, AA",08-04-2021
Licensed conveyancer,Abbott and Sons,"Benjaminland, AP",08-04-2021
Futures trader,"Bryant, Santana and Davenport","Zacharyport, AA",08-04-2021
Counselling psychologist,Smith PLC,"Port Devonville, AE",08-04-2021
Insurance underwriter,Patterson-Singh,"East Thomas, AE",08-04-2021
"Engineer, automotive",Martinez-Berry,"New Jeffrey, AP",08-04-2021
"Producer, radio","May, Taylor and Fisher","Davidside, AA",08-04-2021
Dispensing optician,"Bailey, Owen and Thompson","Jamesville, AA",08-04-2021
"Designer, fashion/clothing",Vasquez Ltd,"New Kelly, AP",08-04-2021
Chartered loss adjuster,Leblanc LLC,"Lake Antonio, AA",08-04-2021
"Back-End Web Developer (Python, Django)","Jackson, Ali and Mckee","New Elizabethside, AA",08-04-2021
Forest/woodland manager,"Blankenship, Knight and Powell","Millsbury, AE",08-04-2021
Clinical cytogeneticist,"Patton, Haynes and Jones","Lloydton, AP",08-04-2021
Print production planner,Wood Inc,"Port Jeremy, AA",08-04-2021
Systems developer,Collins Group,"New Elizabethtown, AA",08-04-2021
Graphic designer,Flores-Nelson,"Charlesstad, AE",08-04-2021
Writer,"Mitchell, Jones and Olson","Josephbury, AE",08-04-2021
Field seismologist,Howard Group,"Seanfurt, AA",08-04-2021
Chief Strategy Officer,Kramer-Edwards,"Williambury, AA",08-04-2021
Air cabin crew,Berry-Houston,"South Jorgeside, AP",08-04-2021
Python Programmer (Entry-Level),Mathews Inc,"Robertborough, AP",08-04-2021
Warden/ranger,Riley-Johnson,"South Saratown, AP",08-04-2021
Sports therapist,Spencer and Sons,"Hullview, AA",08-04-2021
Arts development officer,Camacho-Sanchez,"Philipland, AP",08-04-2021
Printmaker,Oliver and Sons,"North Patty, AE",08-04-2021
Health and safety adviser,Eaton PLC,"North Stephen, AE",08-04-2021
Manufacturing systems engineer,Stanley-Frederick,"Stevensland, AP",08-04-2021
"Programmer, applications",Bradley LLC,"Reyesstad, AE",08-04-2021
Medical physicist,"Parker, Goodwin and Zavala","Bellberg, AP",08-04-2021
Media planner,Kim-Miles,"North Johnland, AE",08-04-2021
Software Developer (Python),Moreno-Rodriguez,"Martinezburgh, AE",08-04-2021
"Surveyor, land/geomatics",Brown-Ortiz,"Joshuatown, AE",08-04-2021
Legal executive,Hartman PLC,"West Ericstad, AA",08-04-2021
"Librarian, academic",Brooks Inc,"Tuckertown, AE",08-04-2021
Barrister,Washington-Castillo,"Perezton, AE",08-04-2021
Museum/gallery exhibitions officer,"Nguyen, Yoder and Petty","Lake Abigail, AE",08-04-2021
"Radiographer, diagnostic",Holder LLC,"Jacobshire, AP",08-04-2021
Database administrator,Yates-Ferguson,"Port Susan, AE",08-04-2021
Furniture designer,Ortega-Lawrence,"North Tiffany, AA",08-04-2021
Ship broker,"Fuentes, Walls and Castro","Michelleville, AP",08-04-2021
