,Name,Price,Description,Review
0,"Nothing Phone (3a) (Black, 128 GB)","₹24,999",8 GB RAM | 128 GB ROM17.2 cm (6.77 inch) Full HD+ Display50MP (Main) + 50MP (2X Tele Photo) + 8MP (Ultra-Wide) | 32MP Front Camera5000 mAh Battery7s Gen3 Processor1 Year Manufacturing Warranty,4.5
1,"Nothing Phone (3a) Pro (Grey, 256 GB)","₹33,999",12 GB RAM | 256 GB ROM17.2 cm (6.77 inch) Full HD+ Display50MP (Main) + 50MP (3X Periscope)+ 8MP (Ultra-Wide) | 50MP Front Camera5000 mAh Battery7s Gen3 Processor1 Year Manufacturing Warranty,4.5
2,"MOTOROLA g05 (Plum Red, 64 GB)","₹6,999",4 GB RAM | 64 GB ROM | Expandable Upto 1 TB16.94 cm (6.67 inch) HD+ Display50MP Rear Camera | 8MP Front Camera5200 mAh BatteryHelio G81 Processor1 Year Warranty on Handset and 6 Months Warranty on Accessories,4.3
3,"POCO C61 (Ethereal Blue, 64 GB)","₹5,899",4 GB RAM | 64 GB ROM | Expandable Upto 1 TB17.04 cm (6.71 inch) HD+ Display8MP Rear Camera | 5MP Front Camera5000 mAh BatteryHelio G36 Processor1 Year Manufacturer Warranty for Phone and 6 Months Warranty for In the Box Accessories,4.2
4,"POCO C61 (Diamond Dust Black, 64 GB)","₹5,899",4 GB RAM | 64 GB ROM | Expandable Upto 1 TB17.04 cm (6.71 inch) HD+ Display8MP Rear Camera | 5MP Front Camera5000 mAh BatteryHelio G36 Processor1 Year Manufacturer Warranty for Phone and 6 Months Warranty for In the Box Accessories,4.2
5,"OnePlus 12R (Sunset Dune, 256 GB)","₹34,420",8 GB RAM | 256 GB ROM17.22 cm (6.78 inch) Display50MP Rear Camera5500 mAh Battery1 Year Brand Warranty,4.5
6,"REDMI 13 5G (Black Diamond, 128 GB)","₹13,999",8 GB RAM | 128 GB ROM | Expandable Upto 1 TB17.25 cm (6.79 inch) Full HD+ Display108MP + 2MP | 13MP Front Camera5030 mAh Lithium Polymer Battery4 Gen 2 AE Processor1 Year Manufacturer Warranty for Phone and 6 Months Warranty for In the Box Accessories,4.3
7,"realme P2 Pro 5G (Parrot Green, 512 GB)","₹22,999",12 GB RAM | 512 GB ROM17.02 cm (6.7 inch) Full HD+ Display50MP + 8MP | 32MP Front Camera5200 mAh Battery7s Gen2 Processor1 Year Manufacturer Warranty for Device and 6 Months Manufacturer Warranty for Inbox Accessories,4.4
8,"Infinix Note 40X 5G (Lime Green, 256 GB)","₹12,999",8 GB RAM | 256 GB ROM | Expandable Upto 1 TB17.22 cm (6.78 inch) Full HD+ Display108MP + 2MP + AI Lens | 8MP Front Camera5000 mAh Lithium-ion Polymer BatteryDimensity 6300 Processor1 Year Warranty on Handset and 6 Months Warranty on Accessories,4.2
9,"Nokia 130 Music Dual Sim, Music Player, Wireless FM Radio and Dedicated Music Buttons","₹1,737",4 MB RAM | 4 MB ROM6.1 cm (2.4 inch) Display0MP Front Camera1450 mAh Battery6261D Processor1YR BRAND WARRANTY ON HANDSET & 6 MONTHS WARRANTY ON ACCESSORIES,4.1
10,"POCO M6 Plus 5G (Ice Silver, 128 GB)","₹10,499",6 GB RAM | 128 GB ROM | Expandable Upto 1 TB17.25 cm (6.79 inch) Full HD+ Display108MP + 2MP | 13MP Front Camera5030 mAh BatterySnapdragon 4 Gen2 AE Processor1 Year Manufacturer Warranty for Phone and 6 Months Warranty for In the Box Accessories,4.2
11,"vivo T4x 5G (Pronto Purple, 128 GB)","₹13,999",6 GB RAM | 128 GB ROM17.07 cm (6.72 inch) Display50MP + 2MP | 8MP Front Camera6500 mAh BatteryDimensity 7300 5G Processor1 Year Warranty for Device and 6 Months Warranty for Accessories,4.5
12,"REDMI A3X (Ocean Green, 64 GB)","₹6,199",3 GB RAM | 64 GB ROM | Expandable Upto 1 TB17.04 cm (6.71 inch) HD+ Display8MP Rear Camera | 5MP Front Camera5000 mAh Battery1 Year Manufacturer Warranty for Phone and 6 Months Warranty for In the Box Accessories,4.1
13,"Motorola g45 5G (Brilliant Blue, 128 GB)","₹11,999",8 GB RAM | 128 GB ROM | Expandable Upto 1 TB16.51 cm (6.5 inch) HD+ Display50MP + 2MP | 16MP Front Camera5000 mAh BatterySnapdragon 6s Gen 3 Processor1 Year Warranty on Handset and 6 Months Warranty on Accessories,4.3
14,"realme P2 Pro 5G (Parrot Green, 256 GB)","₹19,999",12 GB RAM | 256 GB ROM17.02 cm (6.7 inch) Full HD+ Display50MP + 8MP | 32MP Front Camera5200 mAh Battery7s Gen2 Processor1 Year Manufacturer Warranty for Device and 6 Months Manufacturer Warranty for Inbox Accessories,4.4
15,"MOTOROLA g05 (Forest Green, 64 GB)","₹6,999",4 GB RAM | 64 GB ROM | Expandable Upto 1 TB16.94 cm (6.67 inch) HD+ Display50MP Rear Camera | 8MP Front Camera5200 mAh BatteryHelio G81 Processor1 Year Warranty on Handset and 6 Months Warranty on Accessories,4.3
16,"Motorola g45 5G (Pink Lavender, 128 GB)","₹11,999",8 GB RAM | 128 GB ROM | Expandable Upto 1 TB16.51 cm (6.5 inch) HD+ Display50MP + 2MP | 16MP Front Camera5000 mAh BatterySnapdragon 6s Gen 3 Processor1 Year Warranty on Handset and 6 Months Warranty on Accessories,4.3
17,"OnePlus Nord CE4 lite 5G (SUPER SILVER, 128 GB)","₹17,135",8 GB RAM | 128 GB ROM16.94 cm (6.67 inch) Display50MP Rear Camera5500 mAh Battery1 year,4.4
18,"REDMI 13 5G (Orchid Pink, 128 GB)","₹12,499",6 GB RAM | 128 GB ROM | Expandable Upto 1 TB17.25 cm (6.79 inch) Full HD+ Display108MP + 2MP | 13MP Front Camera5030 mAh Lithium Polymer Battery4 Gen 2 AE Processor1 Year Manufacturer Warranty for Phone and 6 Months Warranty for In the Box Accessories,4.3
19,"realme C61 (Marble Black, 128 GB)","₹8,199",6 GB RAM | 128 GB ROM | Expandable Upto 2 TB17.13 cm (6.745 inch) HD+ Display32MP Rear Camera | 5MP Front Camera5000 mAh BatteryT612 Processor1 Year Manufacturer Warranty for Device and 6 Months Manufacturer Warranty for Inbox Accessories,4.4
20,"realme C61 (Marble Black, 64 GB)","₹7,699",4 GB RAM | 64 GB ROM | Expandable Upto 2 TB17.13 cm (6.745 inch) HD+ Display32MP Rear Camera | 5MP Front Camera5000 mAh BatteryT612 Processor1 Year Manufacturer Warranty for Device and 6 Months Manufacturer Warranty for Inbox Accessories,4.3
21,"realme P3x 5G (Stellar Pink, 128 GB)","₹13,999",6 GB RAM | 128 GB ROM17.07 cm (6.72 inch) Full HD Display50MP Rear Camera | 8MP Front Camera6000 mAh BatteryDimensity 6400 Processor1 Year Manufacturer Warranty for Device and 6 Months Manufacturer Warranty for Inbox Accessories,4.5
22,"realme 14 Pro 5G (Jaipur Pink, 128 GB)","₹24,999",8 GB RAM | 128 GB ROM17.2 cm (6.77 inch) Full HD+ Display50MP + 2MP | 16MP Front Camera6000 mAh BatteryDimensity 7300 Energy Processor1 Year Manufacturer Warranty for Device and 6 Months Manufacturer Warranty for Inbox Accessories,4.4
23,"OnePlus Nord 4 5G (Mercurial Silver, 256 GB)","₹28,099",8 GB RAM | 256 GB ROM17.12 cm (6.74 inch) Display50MP Rear Camera5500 mAh Battery1 Year,4.5
24,"realme C61 (Safari Green, 128 GB)","₹8,199",6 GB RAM | 128 GB ROM | Expandable Upto 2 TB17.13 cm (6.745 inch) HD+ Display32MP Rear Camera | 5MP Front Camera5000 mAh BatteryT612 Processor1 Year Manufacturer Warranty for Device and 6 Months Manufacturer Warranty for Inbox Accessories,4.4
25,"POCO C75 5G (Silver Stardust, 64 GB)","₹7,999",4 GB RAM | 64 GB ROM | Expandable Upto 1 TB17.48 cm (6.88 inch) HD+ Display50MP Rear Camera | 5MP Front Camera5160 mAh Battery4s Gen 2 5G Processor1 Year Manufacturer Warranty for Phone and 6 Months Warranty for In the Box Accessories,4.3
26,"Nothing Phone (3a) (Blue, 256 GB)","₹26,999",8 GB RAM | 256 GB ROM17.2 cm (6.77 inch) Full HD+ Display50MP (Main) + 50MP (2X Tele Photo) + 8MP (Ultra-Wide) | 32MP Front Camera5000 mAh Battery7s Gen3 Processor1 Year Manufacturing Warranty,4.5
27,"Nothing Phone (3a) Pro (Grey, 256 GB)","₹33,999",12 GB RAM | 256 GB ROM17.2 cm (6.77 inch) Full HD+ Display50MP (Main) + 50MP (3X Periscope)+ 8MP (Ultra-Wide) | 50MP Front Camera5000 mAh Battery7s Gen3 Processor1 Year Manufacturing Warranty,4.5
28,"realme P2 Pro 5G (Eagle Grey, 128 GB)","₹18,999",8 GB RAM | 128 GB ROM17.02 cm (6.7 inch) Full HD+ Display50MP + 8MP | 32MP Front Camera5200 mAh Battery7s Gen2 Processor1 Year Manufacturer Warranty for Device and 6 Months Manufacturer Warranty for Inbox Accessories,4.4
29,"realme C63 5G Charger in the Box (Forest Green, 128 GB)","₹10,999",4 GB RAM | 128 GB ROM | Expandable Upto 2 TB16.94 cm (6.67 inch) HD+ Display32MP Rear Camera | 8MP Front Camera5000 mAh BatteryDimensity 6300 Processor1 Year Manufacturer Warranty for Device and 6 Months Manufacturer Warranty for Inbox Accessories,4.4
30,"POCO C75 5G (Aqua Bliss, 64 GB)","₹7,999",4 GB RAM | 64 GB ROM | Expandable Upto 1 TB17.48 cm (6.88 inch) HD+ Display50MP Rear Camera | 5MP Front Camera5160 mAh Battery4s Gen 2 5G Processor1 Year Manufacturer Warranty for Phone and 6 Months Warranty for In the Box Accessories,4.3
31,"POCO M7 5G (Ocean Blue, 128 GB)","₹9,999",6 GB RAM | 128 GB ROM | Expandable Upto 1 TB17.48 cm (6.88 inch) HD+ Display50MP Rear Camera | 8MP Front Camera5160 mAh Battery4 Gen 2 5G Processor1 Year Manufacturer Warranty for Phone and 6 Months Warranty for In the Box Accessories,4.2
32,"Motorola g64 5G (Mint Green, 128 GB)","₹13,999",8 GB RAM | 128 GB ROM | Expandable Upto 1 TB16.51 cm (6.5 inch) Full HD+ Display50MP (OIS) + 8MP | 16MP Front Camera6000 mAh BatteryDimensity 7025 Processor1 Year on Handset and 6 Months on Accessories,4.3
33,"REDMI A3X (Olive Green, 64 GB)","₹6,499",4 GB RAM | 64 GB ROM | Expandable Upto 1 TB17.04 cm (6.71 inch) HD+ Display8MP Rear Camera | 5MP Front Camera5000 mAh Battery1 Year Manufacturer Warranty for Phone and 6 Months Warranty for In the Box Accessories,4.2
34,"Infinix Note 40X 5G (Palm Blue, 256 GB)","₹13,999",12 GB RAM | 256 GB ROM | Expandable Upto 1 TB17.22 cm (6.78 inch) Full HD+ Display108MP + 2MP + AI Lens | 8MP Front Camera5000 mAh Lithium-ion Polymer BatteryDimensity 6300 Processor1 Year Warranty on Handset and 6 Months Warranty on Accessories,4.3
35,"vivo T4x 5G (Marine Blue, 256 GB)","₹16,999",8 GB RAM | 256 GB ROM17.07 cm (6.72 inch) Display50MP + 2MP | 8MP Front Camera6500 mAh BatteryDimensity 7300 5G Processor1 Year Warranty for Device and 6 Months Warranty for Accessories,4.5
36,"vivo T4x 5G (Pronto Purple, 256 GB)","₹16,999",8 GB RAM | 256 GB ROM17.07 cm (6.72 inch) Display50MP + 2MP | 8MP Front Camera6500 mAh BatteryDimensity 7300 5G Processor1 Year Warranty for Device and 6 Months Warranty for Accessories,4.5
37,"realme 14x 5G (Jewel Red, 128 GB)","₹14,999",6 GB RAM | 128 GB ROM | Expandable Upto 2 TB16.94 cm (6.67 inch) HD+ Display50MP Rear Camera | 8MP Front Camera6000 mAh BatteryDimensity 6300 Processor1 Year Manufacturer Warranty for Device and 6 Months Manufacturer Warranty for Inbox Accessories,4.3
38,"Infinix Hot 50 5G (Sage Green, 128 GB)","₹10,999",8 GB RAM | 128 GB ROM | Expandable Upto 1 TB17.02 cm (6.7 inch) HD+ Display48MP + Depth Sensor | 8MP Front Camera5000 mAh Lithium-ion Polymer BatteryDimensity 6300 Processor1 Year Warranty on Handset and 6 Months Warranty on Accessories,4.4
39,"realme 70 TURBO 5G (Turbo Purple, 128 GB)","₹14,215",6 GB RAM | 128 GB ROM16.94 cm (6.67 inch) Full HD+ Display50MP Rear Camera5000 mAh BatterySegment's Fastest Dimensity 7300 Energy 5G Chipset Processor12 Months Brand warranty,4.3
40,"POCO C61 (Mystical Green, 64 GB)","₹5,899",4 GB RAM | 64 GB ROM | Expandable Upto 1 TB17.04 cm (6.71 inch) HD+ Display8MP Rear Camera | 5MP Front Camera5000 mAh BatteryHelio G36 Processor1 Year Manufacturer Warranty for Phone and 6 Months Warranty for In the Box Accessories,4.2
41,"OnePlus Nord CE4 lite 5G (MEGA BLUE, 128 GB)","₹17,095",8 GB RAM | 128 GB ROM16.94 cm (6.67 inch) Display50MP Rear Camera5500 mAh Battery1 year,4.4
42,"REDMI Note 13 Pro 5G (Scarlet Red, 128 GB)","₹17,499",8 GB RAM | 128 GB ROM16.94 cm (6.67 inch) Display200MP (OIS) + 8MP + 2MP | 16MP Front Camera5100 mAh Battery7s Gen 2 Mobile Platform 5G Processor1 Year Manufacturer Warranty for Phone and 6 Months Warranty for In the Box Accessories,4.3
43,"realme 14 Pro+ 5G (Suede Grey, 256 GB)","₹34,999",12 GB RAM | 256 GB ROM17.35 cm (6.83 inch) Display50MP + 50MP + 8MP | 32MP Front Camera6000 mAh Battery7s Gen 3 Mobile Platform Processor1 Year Manufacturer Warranty for Device and 6 Months Manufacturer Warranty for Inbox Accessories,4.4
44,"realme P1 5G (Feather Blue, 128 GB)","₹13,999",6 GB RAM | 128 GB ROM | Expandable Upto 2 TB16.94 cm (6.67 inch) Full HD+ Display50MP + 2MP | 16MP Front Camera5000 mAh BatteryDimensity 7050 Processor1 Year Manufacturer Warranty for Device and 6 Months Manufacturer Warranty for Inbox Accessories,4.4
45,"Motorola g45 5G (Brilliant Blue, 128 GB)","₹10,999",4 GB RAM | 128 GB ROM | Expandable Upto 1 TB16.51 cm (6.5 inch) HD+ Display50MP + 2MP | 16MP Front Camera5000 mAh BatterySnapdragon 6s Gen 3 Processor1 Year Warranty on Handset and 6 Months Warranty on Accessories,4.3
46,"vivo T4x 5G (Pronto Purple, 128 GB)","₹14,999",8 GB RAM | 128 GB ROM17.07 cm (6.72 inch) Display50MP + 2MP | 8MP Front Camera6500 mAh BatteryDimensity 7300 5G Processor1 Year Warranty for Device and 6 Months Warranty for Accessories,4.5
47,"REDMI 13 5G (Hawaiian Blue, 128 GB)","₹12,121",6 GB RAM | 128 GB ROM17.25 cm (6.79 inch) Full HD+ Display108MP Rear Camera5030 mAh BatteryQualcomm SM4450 Snapdragon 4 Gen 2 AE (4 nm) Processor1 year manufacture warranty,4.3
48,"MOTOROLA g35 5G (Midnight Black, 128 GB)","₹9,999",4 GB RAM | 128 GB ROM | Expandable Upto 1 TB17.07 cm (6.72 inch) Full HD+ Display50MP + 8MP | 16MP Front Camera5000 mAh BatteryT760 Processor12 5G Bands with VoNR|4K Video Recording|Vision Booster Technology1 Year on Handset and 6 Months on Accessories,4.2
49,"OnePlus Nord CE4 lite 5G (SUPER SILVER, 256 GB)","₹23,799",8 GB RAM | 256 GB ROM16.94 cm (6.67 inch) Display50MP Rear Camera5500 mAh Battery1 year,4.4
50,"Nothing Phone (3a) (Blue, 256 GB)","₹26,999",8 GB RAM | 256 GB ROM17.2 cm (6.77 inch) Full HD+ Display50MP (Main) + 50MP (2X Tele Photo) + 8MP (Ultra-Wide) | 32MP Front Camera5000 mAh Battery7s Gen3 Processor1 Year Manufacturing Warranty,4.5
51,"Nothing Phone (3a) Pro (Grey, 256 GB)","₹33,999",12 GB RAM | 256 GB ROM17.2 cm (6.77 inch) Full HD+ Display50MP (Main) + 50MP (3X Periscope)+ 8MP (Ultra-Wide) | 50MP Front Camera5000 mAh Battery7s Gen3 Processor1 Year Manufacturing Warranty,4.5
52,"Infinix Note 40 Pro 5G (Racing Grey, 256 GB)","₹18,999",8 GB RAM | 256 GB ROM17.22 cm (6.78 inch) Full HD+ Display108MP (OIS) + 2MP + 2MP | 32MP Front Camera5000 mAh BatteryMediatek Dimensity 7020 Processor1 Year Warranty on Handset and 6 Months Warranty on Inbox Accessories,4.2
53,"realme 14 Pro+ 5G (Bikaner Purple, 256 GB)","₹31,999",8 GB RAM | 256 GB ROM17.35 cm (6.83 inch) Display50MP + 50MP + 8MP | 32MP Front Camera6000 mAh Battery7s Gen 3 Mobile Platform Processor1 Year Manufacturer Warranty for Device and 6 Months Manufacturer Warranty for Inbox Accessories,4.4
54,"Motorola Edge 50 Fusion (Marshmallow Blue, 256 GB)","₹22,999",12 GB RAM | 256 GB ROM17.02 cm (6.7 inch) Full HD+ Display50MP + 13MP | 32MP Front Camera5000 mAh Battery7s Gen 2 Processor1 Year on Handset and 6 Months on Accessories,4.4
55,"OnePlus Nord CE4 (Dark Chrome, 128 GB)","₹21,732",8 GB RAM | 128 GB ROM17.02 cm (6.7 inch) Display50MP Rear Camera5500 mAh BatteryOxygenOS 14.0 ProcessorDomestic Warranty 1 Year For Handset And 6 month For Accessories.,4.5
56,"REDMI A3X (Midnight Black, 128 GB)","₹7,499",4 GB RAM | 128 GB ROM | Expandable Upto 1 TB17.04 cm (6.71 inch) HD+ Display8MP Rear Camera | 5MP Front Camera5000 mAh Battery1 Year Manufacturer Warranty for Phone and 6 Months Warranty for In the Box Accessories,4.2
57,"POCO C61  - Locked with Airtel Prepaid (Diamond Dust Black, 64 GB)","₹5,399",4 GB RAM | 64 GB ROM | Expandable Upto 1 TB17.04 cm (6.71 inch) HD+ Display8MP Rear Camera | 5MP Front Camera5000 mAh BatteryHelio G36 Processor1 Year Manufacturer Warranty for Phone and 6 Months Warranty for In the Box Accessories,4.2
58,"realme P3x 5G (Lunar Silver, 128 GB)","₹13,999",6 GB RAM | 128 GB ROM17.07 cm (6.72 inch) Full HD Display50MP Rear Camera | 8MP Front Camera6000 mAh BatteryDimensity 6400 Processor1 Year Manufacturer Warranty for Device and 6 Months Manufacturer Warranty for Inbox Accessories,4.5
59,"OnePlus Nord CE4 (Celadon Marble, 256 GB)","₹23,868",8 GB RAM | 256 GB ROM17.02 cm (6.7 inch) Display50MP Rear Camera5500 mAh BatteryOxygenOS 14.0 ProcessorDomestic Warranty 1 Year For Handset And 6 month For Accessories.,4.5
60,"Nokia 130 Music Dual Sim, Music Player, Wireless FM Radio and Dedicated Buttons","₹1,770",4 MB RAM | 4 MB ROM6.1 cm (2.4 inch) Display0MP Front Camera1450 mAh Battery6261D Processor1YR BRAND WARRANTY ON HANDSET & 6 MONTHS WARRANTY ON ACCESSORIES,4.1
61,"Motorola g45 5G (Brilliant Green, 128 GB)","₹11,999",8 GB RAM | 128 GB ROM | Expandable Upto 1 TB16.51 cm (6.5 inch) HD+ Display50MP + 2MP | 16MP Front Camera5000 mAh BatterySnapdragon 6s Gen 3 Processor1 Year Warranty on Handset and 6 Months Warranty on Accessories,4.3
62,"realme GT 6 (Fluid Silver, 512 GB)","₹37,999",16 GB RAM | 512 GB ROM17.22 cm (6.78 inch) Full HD+ Display50MP + 8MP + 50MP | 32MP Front Camera5500 mAh Battery8s Gen 3 Mobile Platform Processor1 Year Manufacturer Warranty for Device and 6 Months Manufacturer Warranty for Inbox Accessories,4.5
63,"MOTOROLA g35 5G (Leaf Green, 128 GB)","₹9,999",4 GB RAM | 128 GB ROM | Expandable Upto 1 TB17.07 cm (6.72 inch) Full HD+ Display50MP + 8MP | 16MP Front Camera5000 mAh BatteryT760 Processor12 5G Bands with VoNR|4K Video Recording|Vision Booster Technology1 Year on Handset and 6 Months on Accessories,4.2
64,"SAMSUNG Galaxy A05 (Silver, 128 GB)","₹8,990",6 GB RAM | 128 GB ROM | Expandable Upto 1 TB17.12 cm (6.74 inch) HD+ Display50MP + 2MP | 8MP Front Camera5000 mAh BatteryHelio G85 Processor1 Year Manufacturer Warranty for Device and 6 Months Manufacturer Warranty for Inbox Accessories,4.2
65,"Motorola Edge 50 Fusion (Marshmallow Blue, 128 GB)","₹19,999",8 GB RAM | 128 GB ROM17.02 cm (6.7 inch) Full HD+ Display50MP + 13MP | 32MP Front Camera5000 mAh Battery7s Gen 2 Processor1 Year on Handset and 6 Months on Accessories,4.5
66,"realme 14x 5G (Crystal Black, 128 GB)","₹14,999",6 GB RAM | 128 GB ROM | Expandable Upto 2 TB16.94 cm (6.67 inch) HD+ Display50MP Rear Camera | 8MP Front Camera6000 mAh BatteryDimensity 6300 Processor1 Year Manufacturer Warranty for Device and 6 Months Manufacturer Warranty for Inbox Accessories,4.3
67,"REDMI 13 5G (Orchid Pink, 128 GB)","₹12,361",6 GB RAM | 128 GB ROM17.25 cm (6.79 inch) Full HD+ Display108MP Rear Camera5030 mAh BatteryQualcomm SM4450 Snapdragon 4 Gen 2 AE (4 nm) Processor1 year manufacture warranty,4.3
68,"Nokia 105 Single SIM, Keypad Mobile Phone with Wireless FM Radio","₹1,193",32 MB RAM | 32 MB ROM4.5 cm (1.77 inch) Display0MP | 0MP Front Camera1000 mAh BatterySC6531E Processor1YR BRAND WARRANTY ON HANDSET & 6 MONTHS WARRANTY ON ACCESSORIES,4
69,"realme P3x 5G (Midnight Blue, 128 GB)","₹13,999",6 GB RAM | 128 GB ROM17.07 cm (6.72 inch) Full HD Display50MP Rear Camera | 8MP Front Camera6000 mAh BatteryDimensity 6400 Processor1 Year Manufacturer Warranty for Device and 6 Months Manufacturer Warranty for Inbox Accessories,4.5
70,"Infinix Hot 50 5G (Vibrant Blue, 128 GB)","₹9,499",4 GB RAM | 128 GB ROM | Expandable Upto 1 TB17.02 cm (6.7 inch) HD+ Display48MP + Depth Sensor | 8MP Front Camera5000 mAh Lithium-ion Polymer BatteryDimensity 6300 Processor1 Year Warranty on Handset and 6 Months Warranty on Accessories,4.3
71,"Motorola g64 5G (Mint Green, 256 GB)","₹15,999",12 GB RAM | 256 GB ROM | Expandable Upto 1 TB16.51 cm (6.5 inch) Full HD+ Display50MP (OIS) + 8MP | 16MP Front Camera6000 mAh BatteryDimensity 7025 Processor1 Year on Handset and 6 Months on Accessories,4.2
72,"realme P1 5G (Red, 128 GB)","₹13,999",6 GB RAM | 128 GB ROM | Expandable Upto 2 TB16.94 cm (6.67 inch) Full HD+ Display50MP + 2MP | 16MP Front Camera5000 mAh BatteryDimensity 7050 Processor1 Year Manufacturer Warranty for Device and 6 Months Manufacturer Warranty for Inbox Accessories,4.4
73,"POCO M7 Pro 5G (Lavender Frost, 128 GB)","₹13,999",6 GB RAM | 128 GB ROM16.94 cm (6.67 inch) Full HD+ Display50MP + 2MP | 20MP Front Camera5110 mAh BatteryDimensity 7025 Ultra Processor1 Year Manufacturer Warranty for Phone and 6 Months Warranty for In the Box Accessories,4.3
74,"realme 14 Pro+ 5G (Suede Grey, 128 GB)","₹29,999",8 GB RAM | 128 GB ROM17.35 cm (6.83 inch) Display50MP + 50MP + 8MP | 32MP Front Camera6000 mAh Battery7s Gen 3 Mobile Platform Processor1 Year Manufacturer Warranty for Device and 6 Months Manufacturer Warranty for Inbox Accessories,4.4
75,"realme Narzo N65 5G (Deep Green, 128 GB)","₹10,099",4 GB RAM | 128 GB ROM16.94 cm (6.67 inch) Display50MP Rear Camera5000 mAh Battery1 Year,4.3
76,"Nothing Phone (3a) (Black, 128 GB)","₹24,999",8 GB RAM | 128 GB ROM17.2 cm (6.77 inch) Full HD+ Display50MP (Main) + 50MP (2X Tele Photo) + 8MP (Ultra-Wide) | 32MP Front Camera5000 mAh Battery7s Gen3 Processor1 Year Manufacturing Warranty,4.5
77,"Nothing Phone (3a) Pro (Grey, 256 GB)","₹33,999",12 GB RAM | 256 GB ROM17.2 cm (6.77 inch) Full HD+ Display50MP (Main) + 50MP (3X Periscope)+ 8MP (Ultra-Wide) | 50MP Front Camera5000 mAh Battery7s Gen3 Processor1 Year Manufacturing Warranty,4.5
78,"Motorola g45 5G (Viva Magenta, 128 GB)","₹10,999",4 GB RAM | 128 GB ROM | Expandable Upto 1 TB16.51 cm (6.5 inch) HD+ Display50MP + 2MP | 16MP Front Camera5000 mAh BatterySnapdragon 6s Gen 3 Processor1 Year Warranty on Handset and 6 Months Warranty on Accessories,4.3
79,"OnePlus Nord CE 3 Lite 5G (Pastel Lime, 128 GB)","₹16,950",8 GB RAM | 128 GB ROM17.07 cm (6.72 inch) Display108MP Rear Camera5000 mAh BatteryDomestic Warranty of 12 months on phone & 6 months on accessories,4.4
80,"realme Narzo N61 (Marble Black, 64 GB)","₹7,990",4 GB RAM | 64 GB ROM17.12 cm (6.74 inch) Display32MP Rear Camera5000 mAh Battery1 Year,4.3
81,"realme NARZO N65 5G (AMBER GOLD, 128 GB)","₹10,099",4 GB RAM | 128 GB ROM16.94 cm (6.67 inch) Display50MP Rear Camera5000 mAh Battery1 Year,4.3
82,"realme 70 TURBO 5G (Turbo Green, 128 GB)","₹14,244",6 GB RAM | 128 GB ROM16.94 cm (6.67 inch) Full HD+ Display50MP Rear Camera5000 mAh BatterySegment's Fastest Dimensity 7300 Energy 5G Chipset Processor12 Months Brand warranty,4.3
83,"Tecno Spark Go 1 (Glittery White, 64 GB)","₹6,899",3 GB RAM | 64 GB ROM | Expandable Upto 1 TB16.94 cm (6.67 inch) Display13MP Rear Camera | 8MP Front Camera5000 mAh BatteryT615 Processor1 Year Manufacturer Warranty for Phone,4.3
84,"realme 14 Pro+ 5G (Suede Grey, 256 GB)","₹31,999",8 GB RAM | 256 GB ROM17.35 cm (6.83 inch) Display50MP + 50MP + 8MP | 32MP Front Camera6000 mAh Battery7s Gen 3 Mobile Platform Processor1 Year Manufacturer Warranty for Device and 6 Months Manufacturer Warranty for Inbox Accessories,4.4
85,"SAMSUNG Galaxy S24+ 5G (Cobalt Violet, 256 GB)","₹56,999",12 GB RAM | 256 GB ROM17.02 cm (6.7 inch) Quad HD+ Display50MP + 10MP + 12MP | 12MP Front Camera4900 mAh BatteryExynos 2400 Processor1 Year Manufacturer Warranty for Device and 6 Months for In-Box Accessories,4.5
86,"vivo V50 5G (Rose Red, 512 GB)","₹40,999",12 GB RAM | 512 GB ROM17.2 cm (6.77 inch) Display50MP + 50MP | 50MP Front Camera6000 mAh Battery7 Gen 3 Processor1 Year Manufacturer Warranty for Device and 6 Months Warranty for Inbox Accessories,4.5
87,Kechaoda A26,₹898,32 MB RAM | 32 MB ROM | Expandable Upto 16 GB1.68 cm (0.66 inch) QVGA Display0MP | 0MP Front Camera800 mAh BatteryNA ProcessorNO WARRANTY,4
88,"OnePlus Nord CE4 lite 5G (ULTRA ORANGE, 128 GB)","₹17,157",8 GB RAM | 128 GB ROM16.94 cm (6.67 inch) Display50MP Rear Camera5500 mAh Battery1 year,4.4
89,"Infinix Note 40X 5G (Palm Blue, 256 GB)","₹12,999",8 GB RAM | 256 GB ROM | Expandable Upto 1 TB17.22 cm (6.78 inch) Full HD+ Display108MP + 2MP + AI Lens | 8MP Front Camera5000 mAh Lithium-ion Polymer BatteryDimensity 6300 Processor1 Year Warranty on Handset and 6 Months Warranty on Accessories,4.2
90,"OPPO K12x 5G with 45W SUPERVOOC Charger In-The-Box (Midnight Violet, 256 GB)","₹15,999",8 GB RAM | 256 GB ROM | Expandable Upto 1 TB16.94 cm (6.67 inch) HD Display32MP + 2MP | 8MP Front Camera5100 mAh BatteryDimensity 6300 Processor1 Year Manufacturer Warranty for Device and 6 Months Manufacturer Warranty for Inbox Accessories,4.4
91,"MOTOROLA Edge 50 (Jungle Green, 256 GB)","₹21,999",8 GB RAM | 256 GB ROM16.94 cm (6.67 inch) Display50MP + 13MP + 10MP | 32MP Front Camera5000 mAh BatterySnapdragon 7 Gen 1 Accelerated Edition Processor1 Year Warranty on Handset and 6 Months Warranty on Accessories,4.3
92,"OPPO K12x 5G with 45W SUPERVOOC Charger In-The-Box (Breeze Blue, 128 GB)","₹12,999",6 GB RAM | 128 GB ROM | Expandable Upto 1 TB16.94 cm (6.67 inch) HD Display32MP + 2MP | 8MP Front Camera5100 mAh BatteryDimensity 6300 Processor1 Year Manufacturer Warranty for Device and 6 Months Manufacturer Warranty for Inbox Accessories,4.5
93,"realme P2 Pro 5G (Eagle Grey, 256 GB)","₹19,999",12 GB RAM | 256 GB ROM17.02 cm (6.7 inch) Full HD+ Display50MP + 8MP | 32MP Front Camera5200 mAh Battery7s Gen2 Processor1 Year Manufacturer Warranty for Device and 6 Months Manufacturer Warranty for Inbox Accessories,4.4
94,"Motorola G85 5G (Urban Grey, 256 GB)","₹19,999",12 GB RAM | 256 GB ROM16.94 cm (6.67 inch) Full HD+ Display50MP + 8MP | 32MP Front Camera5000 mAh Battery6s Gen 3 Processor1 Year on Handset and 6 Months on Accessories,4.4
95,"vivo T3 5G (Cosmic Blue, 256 GB)","₹20,499",8 GB RAM | 256 GB ROM16.94 cm (6.67 inch) Full HD+ Display50MP + 2MP | 16MP Front Camera5000 mAh BatteryDimensity 7200 Processor1 Year Manufacturer Warranty for Device and 6 Months Manufacturer Warranty for Inbox Accessories,4.4
96,"Nothing Phone (3a) (Black, 128 GB)","₹24,999",8 GB RAM | 128 GB ROM17.2 cm (6.77 inch) Full HD+ Display50MP (Main) + 50MP (2X Tele Photo) + 8MP (Ultra-Wide) | 32MP Front Camera5000 mAh Battery7s Gen3 Processor1 Year Manufacturing Warranty,4.5
97,"Nothing Phone (3a) Pro (Grey, 256 GB)","₹33,999",12 GB RAM | 256 GB ROM17.2 cm (6.77 inch) Full HD+ Display50MP (Main) + 50MP (3X Periscope)+ 8MP (Ultra-Wide) | 50MP Front Camera5000 mAh Battery7s Gen3 Processor1 Year Manufacturing Warranty,4.5
98,"Motorola g64 5G (Ice Lilac, 128 GB)","₹13,999",8 GB RAM | 128 GB ROM | Expandable Upto 1 TB16.51 cm (6.5 inch) Full HD+ Display50MP (OIS) + 8MP | 16MP Front Camera6000 mAh BatteryDimensity 7025 Processor1 Year on Handset and 6 Months on Accessories,4.3
99,Nokia 106,"₹1,699",32 MB RAM | 32 MB ROM17.02 cm (6.7 inch) Display1000 mAh BatterySC6531E Processor1YR BRAND WARRANTY ON HANDSET & 6 MONTHS WARRANTY ON ACCESSORIES,3.9
100,"vivo Lite 5G (Vibrant Green, 128 GB)","₹11,499",6 GB RAM | 128 GB ROM | Expandable Upto 1 TB16.66 cm (6.56 inch) Display50MP + 2MP | 8MP Front Camera5000 mAh BatteryDimensity 6300 Processor1 Year Manufacturer Warranty for Device and 6 Months Manufacturer Warranty for Inbox Accessories,4.4
101,"vivo T3 Pro 5G (Emerald Green, 256 GB)","₹24,999",8 GB RAM | 256 GB ROM17.2 cm (6.77 inch) Full HD+ AMOLED Display50MP + 8MP | 16MP Front Camera5500 mAh BatterySnapdragon 7 Gen 3 Processor1 Year Warranty on Handset and 6 Months Warranty on Accessories,4.5
102,"OPPO K12x 5G with 45W SUPERVOOC Charger In-The-Box (Midnight Violet, 128 GB)","₹12,999",6 GB RAM | 128 GB ROM | Expandable Upto 1 TB16.94 cm (6.67 inch) HD Display32MP + 2MP | 8MP Front Camera5100 mAh BatteryDimensity 6300 Processor1 Year Manufacturer Warranty for Device and 6 Months Manufacturer Warranty for Inbox Accessories,4.5
103,"realme C63 5G Charger in the Box (Forest Green, 128 GB)","₹10,999",6 GB RAM | 128 GB ROM | Expandable Upto 2 TB16.94 cm (6.67 inch) HD+ Display32MP Rear Camera | 8MP Front Camera5000 mAh BatteryDimensity 6300 Processor1 Year Manufacturer Warranty for Device and 6 Months Manufacturer Warranty for Inbox Accessories,4.5
104,Kechaoda K115,₹994,32 MB RAM | 32 MB ROM | Expandable Upto 32 GB3.66 cm (1.44 inch) QVGA Display0.3MP + 0MP | 0MP Front Camera850 mAh BatteryNA Processor1 Year Company Domestic Warranty by Company Authorized Service Center.,4.1
105,"IQOO z9x (Storm Grey, 128 GB)","₹12,866",6 GB RAM | 128 GB ROM | Expandable Upto 1 TB17.07 cm (6.72 inch) Full HD+ Display50MP + 2MP | 8MP Front Camera6000 mAh BatteryQualcomm SM6450 Snapdragon 6 Gen 1 Processor1 Year on Handset and 6 Months on Accessories,4.4
106,"realme N65 5G (Deep Green, 128 GB)","₹11,600",6 GB RAM | 128 GB ROM16.94 cm (6.67 inch) Display50MP Rear Camera5000 mAh Battery1 Year,4.3
107,"realme C63 (Jade Green, 64 GB)","₹8,499",4 GB RAM | 64 GB ROM | Expandable Upto 2 TB17.13 cm (6.745 inch) HD+ Display50MP Rear Camera | 8MP Front Camera5000 mAh BatteryT612 Processor1 Year Manufacturer Warranty for Device and 6 Months Manufacturer Warranty for Inbox Accessories,4.3
108,"vivo Y18t (Gem Green, 128 GB)","₹8,826",4 GB RAM | 128 GB ROM | Expandable Upto 1 TB16.66 cm (6.56 inch) Display50MP + 0.08MP | 8MP Front Camera5000 mAh BatteryT612 Processor1 Year Manufacturer Warranty for Device and 6 Months for Inbox Accessories,4.3
109,"Motorola Edge 50 Fusion (Forest Blue, 128 GB)","₹19,999",8 GB RAM | 128 GB ROM17.02 cm (6.7 inch) Full HD+ Display50MP + 13MP | 32MP Front Camera5000 mAh Battery7s Gen 2 Processor1 Year on Handset and 6 Months on Accessories,4.5
110,"Motorola g45 5G (Viva Magenta, 128 GB)","₹11,999",8 GB RAM | 128 GB ROM | Expandable Upto 1 TB16.51 cm (6.5 inch) HD+ Display50MP + 2MP | 16MP Front Camera5000 mAh BatterySnapdragon 6s Gen 3 Processor1 Year Warranty on Handset and 6 Months Warranty on Accessories,4.3
111,"REDMI 13 5G (Hawaiian Blue, 128 GB)","₹13,799",8 GB RAM | 128 GB ROM17.25 cm (6.79 inch) Display108MP Rear Camera5030 mAh BatteryBrand Warranty,4.3
112,"realme 14 Pro+ 5G (White, 256 GB)","₹34,999",12 GB RAM | 256 GB ROM17.35 cm (6.83 inch) Display50MP + 50MP + 8MP | 32MP Front Camera6000 mAh Battery7s Gen 3 Mobile Platform Processor1 Year Manufacturer Warranty for Device and 6 Months Manufacturer Warranty for Inbox Accessories,4.4
113,"vivo V50 5G (Rose Red, 256 GB)","₹36,999",8 GB RAM | 256 GB ROM17.2 cm (6.77 inch) Display50MP + 50MP | 50MP Front Camera6000 mAh Battery7 Gen 3 Processor1 Year Manufacturer Warranty for Device and 6 Months Warranty for Inbox Accessories,4.5
114,"realme C63 (Leather Blue, 128 GB)","₹8,999",4 GB RAM | 128 GB ROM | Expandable Upto 2 TB17.13 cm (6.745 inch) HD+ Display50MP Rear Camera | 8MP Front Camera5000 mAh BatteryT612 Processor1 Year Manufacturer Warranty for Device and 6 Months Manufacturer Warranty for Inbox Accessories,4.3
115,"realme 13+ 5G (Victory Gold, 256 GB)","₹26,999",12 GB RAM | 256 GB ROM | Expandable Upto 2 TB16.94 cm (6.67 inch) Full HD+ Display50MP + 2MP | 16MP Front Camera5000 mAh BatteryDimensity 7300 Energy Processor1 Year Manufacturer Warranty for Device and 6 Months Manufacturer Warranty for Inbox Accessories,4.2
116,"vivo T3 Pro 5G (Sandstone Orange, 128 GB)","₹22,999",8 GB RAM | 128 GB ROM17.2 cm (6.77 inch) Full HD+ AMOLED Display50MP + 8MP | 16MP Front Camera5500 mAh BatterySnapdragon 7 Gen 3 Processor1 Year Warranty on Handset and 6 Months Warranty on Accessories,4.5
117,"realme NARZO 70X 5G (Ice Blue, 128 GB)","₹13,580","8 GB RAM | 128 GB ROM17.07 cm (6.72 inch) Display50MP Rear Camera5000 mAh BatteryDimensity 6100 Plus, Octa Core Processor1 Year Domestic Warranty for Phone and 6 Months Warranty for In-Box Accessories",4.3
118,"POCO X7 5G (Yellow, 128 GB)","₹18,999",8 GB RAM | 128 GB ROM16.94 cm (6.67 inch) Display50MP + 8MP + 2MP | 20MP Front Camera5500 mAh BatteryDimensity 7300 Ultra Processor1 Year Manufacturer Warranty for Phone and 6 Months Warranty for In the Box Accessories,4.3
119,"Motorola g45 5G (Brilliant Green, 128 GB)","₹10,999",4 GB RAM | 128 GB ROM | Expandable Upto 1 TB16.51 cm (6.5 inch) HD+ Display50MP + 2MP | 16MP Front Camera5000 mAh BatterySnapdragon 6s Gen 3 Processor1 Year Warranty on Handset and 6 Months Warranty on Accessories,4.3
120,"Nothing Phone (3a) (Blue, 256 GB)","₹26,999",8 GB RAM | 256 GB ROM17.2 cm (6.77 inch) Full HD+ Display50MP (Main) + 50MP (2X Tele Photo) + 8MP (Ultra-Wide) | 32MP Front Camera5000 mAh Battery7s Gen3 Processor1 Year Manufacturing Warranty,4.5
121,"Nothing Phone (3a) Pro (Grey, 256 GB)","₹33,999",12 GB RAM | 256 GB ROM17.2 cm (6.77 inch) Full HD+ Display50MP (Main) + 50MP (3X Periscope)+ 8MP (Ultra-Wide) | 50MP Front Camera5000 mAh Battery7s Gen3 Processor1 Year Manufacturing Warranty,4.5
122,"SAMSUNG M35 5G (Moonlight Blue, 128 GB)","₹14,662",6 GB RAM | 128 GB ROM16.76 cm (6.6 inch) Display50MP Rear Camera6000 mAh Battery1 YEAR,4.4
123,"REDMI A3X (Olive Green, 64 GB)","₹6,499",4 GB RAM | 64 GB ROM | Expandable Upto 1 TB17.04 cm (6.71 inch) HD+ Display8MP Rear Camera | 5MP Front Camera5000 mAh Battery1 Year Manufacturer Warranty for Phone and 6 Months Warranty for In the Box Accessories,4.2
124,"SAMSUNG Galaxy M35 5G (Thunder Grey, 128 GB)","₹14,647",6 GB RAM | 128 GB ROM16.76 cm (6.6 inch) Display50MP Rear Camera6000 mAh Battery1 YEAR,4.4
125,"MOTOROLA Edge 50 (Peach Fuzz, 256 GB)","₹21,999",8 GB RAM | 256 GB ROM16.94 cm (6.67 inch) Display50MP + 13MP + 10MP | 32MP Front Camera5000 mAh BatterySnapdragon 7 Gen 1 Accelerated Edition Processor1 Year Warranty on Handset and 6 Months Warranty on Accessories,4.3
126,"SAMSUNG Galaxy S25 Ultra 5G (Titanium Gray, 512 GB)","₹1,41,999",12 GB RAM | 512 GB ROM17.53 cm (6.9 inch) Quad HD+ Display200MP + 50MP + 50MP + 10MP | 12MP Front Camera5000 mAh Battery8 Elite for Galaxy Processor1 Year Manufacturer Warranty for Device and 6 Months for In-Box Accessories,4.7
127,Jmax DELUXE 6,₹551,32 MB RAM | 32 MB ROM4.57 cm (1.8 inch) Display0.3MP Rear Camera1000 mAh Battery1 Year Manufacturer warranty,4
128,"MOTOROLA Edge 50 (Jungle Green, 256 GB)","₹21,999",8 GB RAM | 256 GB ROM16.94 cm (6.67 inch) Display50MP + 13MP + 10MP | 32MP Front Camera5000 mAh BatterySnapdragon 7 Gen 1 Accelerated Edition Processor1 Year Warranty on Handset and 6 Months Warranty on Accessories,4.3
129,"Motorola G85 5G (Cobalt Blue, 256 GB)","₹19,999",12 GB RAM | 256 GB ROM16.94 cm (6.67 inch) Full HD+ Display50MP + 8MP | 32MP Front Camera5000 mAh Battery6s Gen 3 Processor1 Year on Handset and 6 Months on Accessories,4.4
130,"POCO C61 (Diamond Dust Black, 64 GB)","₹5,899",4 GB RAM | 64 GB ROM | Expandable Upto 1 TB17.04 cm (6.71 inch) HD+ Display8MP Rear Camera | 5MP Front Camera5000 mAh BatteryHelio G36 Processor1 Year Manufacturer Warranty for Phone and 6 Months Warranty for In the Box Accessories,4.2
131,"realme P2 Pro 5G (Parrot Green, 128 GB)","₹18,999",8 GB RAM | 128 GB ROM17.02 cm (6.7 inch) Full HD+ Display50MP + 8MP | 32MP Front Camera5200 mAh Battery7s Gen2 Processor1 Year Manufacturer Warranty for Device and 6 Months Manufacturer Warranty for Inbox Accessories,4.4
132,"Apple 15 (Pink, 256 GB)","₹74,999","256 GB ROM15.49 cm (6.1 inch) Super Retina XDR Display48MP + 12MP | 12MP Front CameraA16 Bionic Chip, 6 Core Processor Processor1 year warranty for phone and 1 year warranty for in Box Accessories.",4.6
133,"Apple iPhone 15 Plus (Pink, 128 GB)","₹68,499","128 GB ROM17.02 cm (6.7 inch) Super Retina XDR Display48MP + 12MP | 12MP Front CameraA16 Bionic Chip, 6 Core Processor Processor1 year warranty for phone and 1 year warranty for in Box Accessories.",4.6
134,"Motorola Edge 50 Neo (PANTONE Nautical Blue, 256 GB)","₹20,999",8 GB RAM | 256 GB ROM16.26 cm (6.4 inch) Super HD Display50MP + 13MP + 10MP | 32MP Front Camera4310 mAh BatteryDimensity 7300 Processor1 Year Warranty on Handset and 6 Months Warranty on Accessories,4.4
135,"SAMSUNG Galaxy S25 Ultra 5G (Titanium Black, 256 GB)","₹1,29,999",12 GB RAM | 256 GB ROM17.53 cm (6.9 inch) Quad HD+ Display200MP + 50MP + 50MP + 10MP | 12MP Front Camera5000 mAh Battery8 Elite for Galaxy Processor1 Year Manufacturer Warranty for Device and 6 Months for In-Box Accessories,4.7
136,"Apple iPhone 15 (Pink, 128 GB)","₹64,999","128 GB ROM15.49 cm (6.1 inch) Super Retina XDR Display48MP + 12MP | 12MP Front CameraA16 Bionic Chip, 6 Core Processor Processor1 year warranty for phone and 1 year warranty for in Box Accessories.",4.6
137,"SAMSUNG S25 Ultra 5G (Titanium Silverblue, 1024 GB)","₹1,65,999",12 GB RAM | 1024 GB ROM17.53 cm (6.9 inch) Quad HD+ Display200MP + 50MP + 50MP + 10MP | 12MP Front Camera5000 mAh Battery8 Elite for Galaxy Processor1 Year Manufacturer Warranty for Device and 6 Months for In-Box Accessories,4.6
138,"SAMSUNG Galaxy M35 5G (Moonlight Blue, 128 GB)","₹17,854",8 GB RAM | 128 GB ROM16.76 cm (6.6 inch) Display50MP Rear Camera6000 mAh Battery1 YEAR,4.4
139,"SAMSUNG Galaxy M35 5G (Thunder Grey, 128 GB)","₹17,989",8 GB RAM | 128 GB ROM16.76 cm (6.6 inch) Display50MP Rear Camera6000 mAh Battery1 YEAR,4.4
140,"SAMSUNG Galaxy M35 5G (Thunder Grey, 256 GB)","₹22,990",8 GB RAM | 256 GB ROM16.76 cm (6.6 inch) Display50MP Rear Camera6000 mAh Battery1 YEAR,4.4
141,"Infinix Note 40X 5G (Lime Green, 256 GB)","₹13,999",12 GB RAM | 256 GB ROM | Expandable Upto 1 TB17.22 cm (6.78 inch) Full HD+ Display108MP + 2MP + AI Lens | 8MP Front Camera5000 mAh Lithium-ion Polymer BatteryDimensity 6300 Processor1 Year Warranty on Handset and 6 Months Warranty on Accessories,4.3
142,"Infinix Note 40X 5G (Palm Blue, 256 GB)","₹13,999",12 GB RAM | 256 GB ROM | Expandable Upto 1 TB17.22 cm (6.78 inch) Full HD+ Display108MP + 2MP + AI Lens | 8MP Front Camera5000 mAh Lithium-ion Polymer BatteryDimensity 6300 Processor1 Year Warranty on Handset and 6 Months Warranty on Accessories,4.3
143,"Apple 15 Plus (Pink, 256 GB)","₹78,999","256 GB ROM17.02 cm (6.7 inch) Super Retina XDR Display48MP + 12MP | 12MP Front CameraA16 Bionic Chip, 6 Core Processor Processor1 year warranty for phone and 1 year warranty for in Box Accessories.",4.6
144,"SAMSUNG Galaxy S25 Ultra 5G (Titanium Silverblue, 256 GB)","₹1,29,999",12 GB RAM | 256 GB ROM17.53 cm (6.9 inch) Quad HD+ Display200MP + 50MP + 50MP + 10MP | 12MP Front Camera5000 mAh Battery8 Elite for Galaxy Processor1 Year Manufacturer Warranty for Device and 6 Months for In-Box Accessories,4.7
145,"SAMSUNG Galaxy M35 5G (Moonlight Blue, 128 GB)","₹17,852",8 GB RAM | 128 GB ROM16.76 cm (6.6 inch) Display50MP Rear Camera6000 mAh Battery1 YEAR,4.4
146,"Nothing Phone (3a) (Blue, 256 GB)","₹26,999",8 GB RAM | 256 GB ROM17.2 cm (6.77 inch) Full HD+ Display50MP (Main) + 50MP (2X Tele Photo) + 8MP (Ultra-Wide) | 32MP Front Camera5000 mAh Battery7s Gen3 Processor1 Year Manufacturing Warranty,4.5
147,"Nothing Phone (3a) Pro (Grey, 256 GB)","₹33,999",12 GB RAM | 256 GB ROM17.2 cm (6.77 inch) Full HD+ Display50MP (Main) + 50MP (3X Periscope)+ 8MP (Ultra-Wide) | 50MP Front Camera5000 mAh Battery7s Gen3 Processor1 Year Manufacturing Warranty,4.5
148,"realme P2 Pro 5G (Eagle Grey, 512 GB)","₹22,999",12 GB RAM | 512 GB ROM17.02 cm (6.7 inch) Full HD+ Display50MP + 8MP | 32MP Front Camera5200 mAh Battery7s Gen2 Processor1 Year Manufacturer Warranty for Device and 6 Months Manufacturer Warranty for Inbox Accessories,4.4
149,"realme P2 Pro 5G (Parrot Green, 256 GB)","₹19,999",12 GB RAM | 256 GB ROM17.02 cm (6.7 inch) Full HD+ Display50MP + 8MP | 32MP Front Camera5200 mAh Battery7s Gen2 Processor1 Year Manufacturer Warranty for Device and 6 Months Manufacturer Warranty for Inbox Accessories,4.4
150,"realme P2 Pro 5G (Eagle Grey, 256 GB)","₹19,999",12 GB RAM | 256 GB ROM17.02 cm (6.7 inch) Full HD+ Display50MP + 8MP | 32MP Front Camera5200 mAh Battery7s Gen2 Processor1 Year Manufacturer Warranty for Device and 6 Months Manufacturer Warranty for Inbox Accessories,4.4
151,LAVA Keypad Mobile|1000 mAh Battery|Expandable Storage 32GB,₹980,4 MB RAM | 4 MB ROM | Expandable Upto 32 GB4.5 cm (1.77 inch) Quarter QVGA Display1000 mAh Battery1 Year Manufacturer Replacement Guarantee for Phone and 6 months Replacement for Accessories in the Box,4.1
152,"MOTOROLA Edge 50 (Koala Grey, 256 GB)","₹21,999",8 GB RAM | 256 GB ROM16.94 cm (6.67 inch) Display50MP + 13MP + 10MP | 32MP Front Camera5000 mAh BatterySnapdragon 7 Gen 1 Accelerated Edition Processor1 Year Warranty on Handset and 6 Months Warranty on Accessories,4.3
153,"Apple iPhoe 15 (Green, 128 GB)","₹64,999","128 GB ROM15.49 cm (6.1 inch) Super Retina XDR Display48MP + 12MP | 12MP Front CameraA16 Bionic Chip, 6 Core Processor Processor1 year warranty for phone and 1 year warranty for in Box Accessories.",4.6
154,"realme P2 Pro 5G (Eagle Grey, 128 GB)","₹18,999",8 GB RAM | 128 GB ROM17.02 cm (6.7 inch) Full HD+ Display50MP + 8MP | 32MP Front Camera5200 mAh Battery7s Gen2 Processor1 Year Manufacturer Warranty for Device and 6 Months Manufacturer Warranty for Inbox Accessories,4.4
155,"SAMSUNG Galaxy S25 Ultra 5G (Titanium Silverblue, 512 GB)","₹1,41,999",12 GB RAM | 512 GB ROM17.53 cm (6.9 inch) Quad HD+ Display200MP + 50MP + 50MP + 10MP | 12MP Front Camera5000 mAh Battery8 Elite for Galaxy Processor1 Year Manufacturer Warranty for Device and 6 Months for In-Box Accessories,4.7
156,"Motorola Edge 50 Neo (PANTONE Poinciana, 256 GB)","₹20,999",8 GB RAM | 256 GB ROM16.26 cm (6.4 inch) Super HD Display50MP + 13MP + 10MP | 32MP Front Camera4310 mAh BatteryDimensity 7300 Processor1 Year Warranty on Handset and 6 Months Warranty on Accessories,4.4
157,"SAMSUNG M35 5G (Moonlight Blue, 128 GB)","₹14,662",6 GB RAM | 128 GB ROM16.76 cm (6.6 inch) Display50MP Rear Camera6000 mAh Battery1 YEAR,4.4
158,"Apple iPhone 15 (Green, 256 GB)","₹74,999","256 GB ROM15.49 cm (6.1 inch) Super Retina XDR Display48MP + 12MP | 12MP Front CameraA16 Bionic Chip, 6 Core Processor Processor1 year warranty for phone and 1 year warranty for in Box Accessories.",4.6
159,"SAMSUNG Galaxy F16 5G (Bling Black, 128 GB)","₹12,499",4 GB RAM | 128 GB ROM16.91 cm (6.657 inch) Full HD+ Display50MP + 5MP + 2MP | 13MP Front Camera5000 mAh BatteryDimensity 6300 Processor1 Year Manufacturer Warranty for Device and 6 Months for In-Box Accessories,4.2
160,"vivo T3 Pro 5G (Emerald Green, 256 GB)","₹24,999",8 GB RAM | 256 GB ROM17.2 cm (6.77 inch) Full HD+ AMOLED Display50MP + 8MP | 16MP Front Camera5500 mAh BatterySnapdragon 7 Gen 3 Processor1 Year Warranty on Handset and 6 Months Warranty on Accessories,4.5
161,"vivo T3 Pro 5G (Sandstone Orange, 128 GB)","₹22,999",8 GB RAM | 128 GB ROM17.2 cm (6.77 inch) Full HD+ AMOLED Display50MP + 8MP | 16MP Front Camera5500 mAh BatterySnapdragon 7 Gen 3 Processor1 Year Warranty on Handset and 6 Months Warranty on Accessories,4.5
162,"realme C61 (Safari Green, 128 GB)","₹8,199",6 GB RAM | 128 GB ROM | Expandable Upto 2 TB17.13 cm (6.745 inch) HD+ Display32MP Rear Camera | 5MP Front Camera5000 mAh BatteryT612 Processor1 Year Manufacturer Warranty for Device and 6 Months Manufacturer Warranty for Inbox Accessories,4.4
163,"vivo T3 Ultra (Frost Green, 128 GB)","₹29,999",8 GB RAM | 128 GB ROM17.22 cm (6.78 inch) Display50MP + 8MP | 50MP Front Camera5500 mAh BatteryDimensity 9200+ Processor1 Year Warranty on Handset and 6 Months Warranty on Accessories,4.5
164,"vivo T3 Ultra (Lunar Gray, 256 GB)","₹31,999",8 GB RAM | 256 GB ROM17.22 cm (6.78 inch) Display50MP + 8MP | 50MP Front Camera5500 mAh BatteryDimensity 9200+ Processor1 Year Warranty on Handset and 6 Months Warranty on Accessories,4.5
165,"Motorola g64 5G (Berry Red, 128 GB)","₹13,999",8 GB RAM | 128 GB ROM | Expandable Upto 1 TB16.51 cm (6.5 inch) Full HD+ Display50MP (OIS) + 8MP | 16MP Front Camera6000 mAh BatteryDimensity 7025 Processor1 Year on Handset and 6 Months on Accessories,4.3
166,"SAMSUNG Glaxy F06 5G (Lit Violet, 128 GB)","₹9,199",4 GB RAM | 128 GB ROM | Expandable Upto 1500 GB17.02 cm (6.7 inch) HD+ Display50MP + 2MP | 8MP Front Camera5000 mAh BatteryDimensity 6300 Processor1 Year Manufacturer Warranty for Device and 6 Months for In-Box Accessories,4.3
167,"OnePlus Nord CE4 lite 5G (ULTRA ORANGE, 256 GB)","₹21,789",8 GB RAM | 256 GB ROM16.94 cm (6.67 inch) Display50MP Rear Camera5500 mAh Battery1 year,4.4
168,"MOTOROLA g35 5G (Leaf Green, 128 GB)","₹9,999",4 GB RAM | 128 GB ROM | Expandable Upto 1 TB17.07 cm (6.72 inch) Full HD+ Display50MP + 8MP | 16MP Front Camera5000 mAh BatteryT760 Processor12 5G Bands with VoNR|4K Video Recording|Vision Booster Technology1 Year on Handset and 6 Months on Accessories,4.2
169,"Motorola g64 5G (Berry Red, 256 GB)","₹15,999",12 GB RAM | 256 GB ROM | Expandable Upto 1 TB16.51 cm (6.5 inch) Full HD+ Display50MP (OIS) + 8MP | 16MP Front Camera6000 mAh BatteryDimensity 7025 Processor1 Year on Handset and 6 Months on Accessories,4.2
170,"Nothing Phone (3a) (Blue, 256 GB)","₹26,999",8 GB RAM | 256 GB ROM17.2 cm (6.77 inch) Full HD+ Display50MP (Main) + 50MP (2X Tele Photo) + 8MP (Ultra-Wide) | 32MP Front Camera5000 mAh Battery7s Gen3 Processor1 Year Manufacturing Warranty,4.5
171,"Nothing Phone (3a) Pro (Grey, 256 GB)","₹33,999",12 GB RAM | 256 GB ROM17.2 cm (6.77 inch) Full HD+ Display50MP (Main) + 50MP (3X Periscope)+ 8MP (Ultra-Wide) | 50MP Front Camera5000 mAh Battery7s Gen3 Processor1 Year Manufacturing Warranty,4.5
172,"OnePlus Nord CE4 lite 5G (MEGA BLUE, 128 GB)","₹17,095",8 GB RAM | 128 GB ROM16.94 cm (6.67 inch) Display50MP Rear Camera5500 mAh Battery1 year,4.4
173,"Google Pixel 8a (Porcelain, 128 GB)","₹37,999",8 GB RAM | 128 GB ROM15.49 cm (6.1 inch) Full HD+ Display64MP + 13MP | 13MP Front Camera4404 mAh BatteryTensor G3 Processor1 Year Domestic Warranty,4.3
174,Kechaoda A26,₹894,32 MB RAM | 32 MB ROM | Expandable Upto 16 GB1.68 cm (0.66 inch) QVGA Display0MP | 0MP Front Camera800 mAh BatteryNA ProcessorNO WARRANTY,4
175,"realme P1 5G (Peacock Green, 256 GB)","₹15,999",8 GB RAM | 256 GB ROM | Expandable Upto 2 TB16.94 cm (6.67 inch) Full HD+ Display50MP + 2MP | 16MP Front Camera5000 mAh BatteryDimensity 7050 Processor1 Year Manufacturer Warranty for Device and 6 Months Manufacturer Warranty for Inbox Accessories,4.4
176,"vivo T3 Ultra (Lunar Gray, 256 GB)","₹33,999",12 GB RAM | 256 GB ROM17.22 cm (6.78 inch) Display50MP + 8MP | 50MP Front Camera5500 mAh BatteryDimensity 9200+ Processor1 Year Warranty on Handset and 6 Months Warranty on Accessories,4.5
177,"OnePlus Nord CE4 lite 5G (SUPER SILVER, 256 GB)","₹23,799",8 GB RAM | 256 GB ROM16.94 cm (6.67 inch) Display50MP Rear Camera5500 mAh Battery1 year,4.4
178,"vivo T3 Pro 5G (Sandstone Orange, 256 GB)","₹24,999",8 GB RAM | 256 GB ROM17.2 cm (6.77 inch) Full HD+ AMOLED Display50MP + 8MP | 16MP Front Camera5500 mAh BatterySnapdragon 7 Gen 3 Processor1 Year Warranty on Handset and 6 Months Warranty on Accessories,4.5
179,"vivo T3 Ultra (Frost Green, 256 GB)","₹31,999",8 GB RAM | 256 GB ROM17.22 cm (6.78 inch) Display50MP + 8MP | 50MP Front Camera5500 mAh BatteryDimensity 9200+ Processor1 Year Warranty on Handset and 6 Months Warranty on Accessories,4.5
180,"vivo T3 Ultra (Lunar Gray, 128 GB)","₹29,999",8 GB RAM | 128 GB ROM17.22 cm (6.78 inch) Display50MP + 8MP | 50MP Front Camera5500 mAh BatteryDimensity 9200+ Processor1 Year Warranty on Handset and 6 Months Warranty on Accessories,4.5
181,"SAMSUNG Galaxy S24+ 5G (Cobalt Violet, 256 GB)","₹56,999",12 GB RAM | 256 GB ROM17.02 cm (6.7 inch) Quad HD+ Display50MP + 10MP + 12MP | 12MP Front Camera4900 mAh BatteryExynos 2400 Processor1 Year Manufacturer Warranty for Device and 6 Months for In-Box Accessories,4.5
182,"Motorola G85 5G (Viva Magenta, 256 GB)","₹19,999",12 GB RAM | 256 GB ROM16.94 cm (6.67 inch) Full HD+ Display50MP + 8MP | 32MP Front Camera5000 mAh Battery6s Gen 3 Processor1 Year on Handset and 6 Months on Accessories,4.4
183,"realme P2 Pro 5G (Parrot Green, 512 GB)","₹22,999",12 GB RAM | 512 GB ROM17.02 cm (6.7 inch) Full HD+ Display50MP + 8MP | 32MP Front Camera5200 mAh Battery7s Gen2 Processor1 Year Manufacturer Warranty for Device and 6 Months Manufacturer Warranty for Inbox Accessories,4.4
184,"realme C61 (Marble Black, 128 GB)","₹8,199",6 GB RAM | 128 GB ROM | Expandable Upto 2 TB17.13 cm (6.745 inch) HD+ Display32MP Rear Camera | 5MP Front Camera5000 mAh BatteryT612 Processor1 Year Manufacturer Warranty for Device and 6 Months Manufacturer Warranty for Inbox Accessories,4.4
185,"realme P1 5G (Peacock Green, 128 GB)","₹14,999",8 GB RAM | 128 GB ROM | Expandable Upto 2 TB16.94 cm (6.67 inch) Full HD+ Display50MP + 2MP | 16MP Front Camera5000 mAh BatteryDimensity 7050 Processor1 Year Manufacturer Warranty for Device and 6 Months Manufacturer Warranty for Inbox Accessories,4.4
186,"OnePlus Nord CE4 lite 5G (SUPER SILVER, 128 GB)","₹17,133",8 GB RAM | 128 GB ROM16.94 cm (6.67 inch) Display50MP Rear Camera5500 mAh Battery1 year,4.4
187,"realme P1 5G (Peacock Green, 128 GB)","₹13,999",6 GB RAM | 128 GB ROM | Expandable Upto 2 TB16.94 cm (6.67 inch) Full HD+ Display50MP + 2MP | 16MP Front Camera5000 mAh BatteryDimensity 7050 Processor1 Year Manufacturer Warranty for Device and 6 Months Manufacturer Warranty for Inbox Accessories,4.4
188,"Nokia 130 Music Dual Sim, Music Player, Wireless FM Radio and Dedicated Buttons","₹1,770",4 MB RAM | 4 MB ROM6.1 cm (2.4 inch) Display0MP Front Camera1450 mAh Battery6261D Processor1YR BRAND WARRANTY ON HANDSET & 6 MONTHS WARRANTY ON ACCESSORIES,4.1
189,"SAMSUNG Galaxy F16 5G (Vibing Blue, 128 GB)","₹13,999",6 GB RAM | 128 GB ROM16.91 cm (6.657 inch) Full HD+ Display50MP + 5MP + 2MP | 13MP Front Camera5000 mAh BatteryDimensity 6300 Processor1 Year Manufacturer Warranty for Device and 6 Months for In-Box Accessories,4.2
190,"OnePlus Nord CE4 lite 5G (MEGA BLUE, 256 GB)","₹23,980",8 GB RAM | 256 GB ROM16.94 cm (6.67 inch) Display50MP Rear Camera5500 mAh Battery1 year,4.4
191,"REDMI A4 5G only on Jio SIM (Starry Black, 64 GB)","₹9,015",4 GB RAM | 64 GB ROM17.48 cm (6.88 inch) Display50MP Rear Camera5160 mAh Battery1 Year,4.3
192,"realme C61 (Marble Black, 64 GB)","₹7,699",4 GB RAM | 64 GB ROM | Expandable Upto 2 TB17.13 cm (6.745 inch) HD+ Display32MP Rear Camera | 5MP Front Camera5000 mAh BatteryT612 Processor1 Year Manufacturer Warranty for Device and 6 Months Manufacturer Warranty for Inbox Accessories,4.3
193,"realme P1 5G (Feather Blue, 128 GB)","₹14,999",8 GB RAM | 128 GB ROM | Expandable Upto 2 TB16.94 cm (6.67 inch) Full HD+ Display50MP + 2MP | 16MP Front Camera5000 mAh BatteryDimensity 7050 Processor1 Year Manufacturer Warranty for Device and 6 Months Manufacturer Warranty for Inbox Accessories,4.4
194,"POCO M7 5G  - Locked with Airtel Prepaid (Mint Green, 128 GB)","₹9,249",6 GB RAM | 128 GB ROM | Expandable Upto 1 TB17.48 cm (6.88 inch) HD+ Display50MP Rear Camera | 8MP Front Camera5160 mAh Battery4 Gen 2 5G Processor1 Year Manufacturer Warranty for Phone and 6 Months Warranty for In the Box Accessories,4.2
195,"Google Pixel 8a (Obsidian, 128 GB)","₹37,999",8 GB RAM | 128 GB ROM15.49 cm (6.1 inch) Full HD+ Display64MP + 13MP | 13MP Front Camera4404 mAh BatteryTensor G3 Processor1 Year Domestic Warranty,4.3
196,"Nothing Phone (3a) (Blue, 256 GB)","₹26,999",8 GB RAM | 256 GB ROM17.2 cm (6.77 inch) Full HD+ Display50MP (Main) + 50MP (2X Tele Photo) + 8MP (Ultra-Wide) | 32MP Front Camera5000 mAh Battery7s Gen3 Processor1 Year Manufacturing Warranty,4.5
197,"Nothing Phone (3a) Pro (Grey, 256 GB)","₹33,999",12 GB RAM | 256 GB ROM17.2 cm (6.77 inch) Full HD+ Display50MP (Main) + 50MP (3X Periscope)+ 8MP (Ultra-Wide) | 50MP Front Camera5000 mAh Battery7s Gen3 Processor1 Year Manufacturing Warranty,4.5
198,"vivo T3 Ultra (Frost Green, 256 GB)","₹33,999",12 GB RAM | 256 GB ROM17.22 cm (6.78 inch) Display50MP + 8MP | 50MP Front Camera5500 mAh BatteryDimensity 9200+ Processor1 Year Warranty on Handset and 6 Months Warranty on Accessories,4.5
199,"Motorola g64 5G (Pearl Blue, 128 GB)","₹13,999",8 GB RAM | 128 GB ROM | Expandable Upto 1 TB16.51 cm (6.5 inch) Full HD+ Display50MP (OIS) + 8MP | 16MP Front Camera6000 mAh BatteryDimensity 7025 Processor1 Year on Handset and 6 Months on Accessories,4.3
200,"Motorola g64 5G (Pearl Blue, 256 GB)","₹15,999",12 GB RAM | 256 GB ROM | Expandable Upto 1 TB16.51 cm (6.5 inch) Full HD+ Display50MP (OIS) + 8MP | 16MP Front Camera6000 mAh BatteryDimensity 7025 Processor1 Year on Handset and 6 Months on Accessories,4.2
201,"realme 14 Pro 5G (Pearl White, 256 GB)","₹26,999",8 GB RAM | 256 GB ROM17.2 cm (6.77 inch) Full HD+ Display50MP + 2MP | 16MP Front Camera6000 mAh BatteryDimensity 7300 Energy Processor1 Year Manufacturer Warranty for Device and 6 Months Manufacturer Warranty for Inbox Accessories,4.4
202,"IQOO Z9s 5G (Onyx Green, 128 GB)","₹20,774",8 GB RAM | 128 GB ROM17.2 cm (6.77 inch) Display50MP Rear Camera5500 mAh Battery1 Year on Handset and 6 Months on Accessories,4.4
203,"Apple iPhone 16 Plus (White, 512 GB)","₹1,14,900","512 GB ROM17.02 cm (6.7 inch) Super Retina XDR Display48MP + 12MP | 12MP Front CameraA18 Chip, 6 Core Processor Processor1 year warranty for phone and 1 year warranty for in Box Accessories.",4.6
204,"vivo T3 Pro 5G (Emerald Green, 128 GB)","₹22,999",8 GB RAM | 128 GB ROM17.2 cm (6.77 inch) Full HD+ AMOLED Display50MP + 8MP | 16MP Front Camera5500 mAh BatterySnapdragon 7 Gen 3 Processor1 Year Warranty on Handset and 6 Months Warranty on Accessories,4.5
205,"realme 70 TURBO 5G (Turbo Green, 128 GB)","₹15,249",8 GB RAM | 128 GB ROM16.94 cm (6.67 inch) Full HD+ Display50MP Rear Camera5000 mAh BatterySegment's Fastest Dimensity 7300 Energy 5G Chipset Processor12 Months Brand warranty,4.4
206,"REDMI A3X (Midnight Black, 64 GB)","₹6,199",3 GB RAM | 64 GB ROM | Expandable Upto 1 TB17.04 cm (6.71 inch) HD+ Display8MP Rear Camera | 5MP Front Camera5000 mAh Battery1 Year Manufacturer Warranty for Phone and 6 Months Warranty for In the Box Accessories,4.1
207,"Motorola G85 5G (Viva Magenta, 128 GB)","₹17,999",8 GB RAM | 128 GB ROM16.94 cm (6.67 inch) Full HD+ Display50MP + 8MP | 32MP Front Camera5000 mAh Battery6s Gen 3 Processor1 Year on Handset and 6 Months on Accessories,4.4
208,"Motorola G85 5G (Urban Grey, 128 GB)","₹17,999",8 GB RAM | 128 GB ROM16.94 cm (6.67 inch) Full HD+ Display50MP + 8MP | 32MP Front Camera5000 mAh Battery6s Gen 3 Processor1 Year on Handset and 6 Months on Accessories,4.4
209,"realme 70 TURBO 5G (Turbo Purple, 128 GB)","₹15,214",8 GB RAM | 128 GB ROM16.94 cm (6.67 inch) Full HD+ Display50MP Rear Camera5000 mAh BatterySegment's Fastest Dimensity 7300 Energy 5G Chipset Processor12 Months Brand warranty,4.4
210,"Infinix Note 40X 5G (Palm Blue, 256 GB)","₹12,999",8 GB RAM | 256 GB ROM | Expandable Upto 1 TB17.22 cm (6.78 inch) Full HD+ Display108MP + 2MP + AI Lens | 8MP Front Camera5000 mAh Lithium-ion Polymer BatteryDimensity 6300 Processor1 Year Warranty on Handset and 6 Months Warranty on Accessories,4.2
211,"Infinix Note 40X 5G (Lime Green, 256 GB)","₹12,999",8 GB RAM | 256 GB ROM | Expandable Upto 1 TB17.22 cm (6.78 inch) Full HD+ Display108MP + 2MP + AI Lens | 8MP Front Camera5000 mAh Lithium-ion Polymer BatteryDimensity 6300 Processor1 Year Warranty on Handset and 6 Months Warranty on Accessories,4.2
212,"OnePlus Nord CE4 lite 5G (ULTRA ORANGE, 128 GB)","₹17,155",8 GB RAM | 128 GB ROM16.94 cm (6.67 inch) Display50MP Rear Camera5500 mAh Battery1 year,4.4
213,"realme 14x 5G (Golden Glow, 128 GB)","₹15,999",8 GB RAM | 128 GB ROM | Expandable Upto 2 TB16.94 cm (6.67 inch) HD+ Display50MP Rear Camera | 8MP Front Camera6000 mAh BatteryDimensity 6300 Processor1 Year Manufacturer Warranty for Device and 6 Months Manufacturer Warranty for Inbox Accessories,4.4
214,"realme 70 TURBO 5G (Turbo Purple, 128 GB)","₹14,215",6 GB RAM | 128 GB ROM16.94 cm (6.67 inch) Full HD+ Display50MP Rear Camera5000 mAh BatterySegment's Fastest Dimensity 7300 Energy 5G Chipset Processor12 Months Brand warranty,4.3
215,"realme P1 5G (Phoex Red, 128 GB)","₹14,999",8 GB RAM | 128 GB ROM | Expandable Upto 2 TB16.94 cm (6.67 inch) Full HD+ Display50MP + 2MP | 16MP Front Camera5000 mAh BatteryDimensity 7050 Processor1 Year Manufacturer Warranty for Device and 6 Months Manufacturer Warranty for Inbox Accessories,4.4
